plane_id,source_nx,source_ny,source_nz,source_d,target_nx,target_ny,target_nz,target_d,source_sha256,target_sha256
board001,-0.9999979757604563,-2.257433494578555e-05,-0.0020119556131899105,2.0609500573423913,2.813896912728877e-08,1.9700390486843004e-07,-0.9999999999999802,2.031821696246859,a94fb71043657ee61c58e3bcc1ab4ac8c99b807c53a94e4ae170fe560a47c364,daec68276917c94d907da6fb4ce1350f862686dcae486f75cb828d0c24dac502
board002,-0.8331019380902597,-0.3740652114868324,-0.4074510747385075,0.9711879552234808,-0.37217577979637495,-0.4100582015652107,-0.8326688779233107,0.9706820707585871,823b2f66e78d9f50b9236a26f8d1e0277dae9380f8412b42807313b90c24d044,f053ed767012cb2aa3778d0f8cdf4c0071f61a8a7f9027ff2be28ecd54225018
board003,-0.8921126413625831,-0.1950770051292799,-0.40752913661585766,1.1039792730868032,-0.19335547857296648,-0.41105933466872185,-0.8908669273732901,1.1007904960556414,30d7debdf5fcc68d25a8f85da15b4680e368978b5c8707249f593211c75a9d7f,adab073bb56bc36e9b8d4865b3979d6dfb05615e76f8f4bcbbc80e878a385576
board004,-0.9125645198995846,8.635647875210317e-05,-0.4089327445473144,0.9560988007018651,-0.0014966263012576775,-0.41344955941352207,-0.9105257942147926,0.9487539577765617,547cdbb710b5243143e0ff7a0c8bdcb096f3ffc6ae42422aab7c5cdd2a056805,5eb0fe5f8d21d93cf48b9a5a9e15c0d9ba3da7eb6fae95c502b1765513adc845
board005,-0.8927128426135158,0.1894417031572048,-0.4088711554240451,1.0541449426112017,0.19115827861530538,-0.4126605313924472,-0.8906008075157672,1.0501741610510622,14d3123600de140e7c4ebb89bd820c643ac7ad65697824538944e95fa56fb2e9,0bab6b722ef45d44dce62554cf69df9917570562f65e333e62be369510a8543e
board006,-0.8341780536436555,0.3702449545310319,-0.40873664927872155,1.1026518041426527,0.37554295278709604,-0.4089249569308442,-0.8317138150896956,1.1023494624081125,803ddc171221a5ecd81cee8af4aedb9d6fc596898c1b9231c816af05696f2b75,cc143b62867fa7db4fe7ffc9e77984bb8e2473aea4d97cf267b7e5f25444988e
board007,-0.8927893056910168,-0.39796635673786696,-0.21106879103396836,0.9828850485781649,-0.39923835452704615,-0.21339179481447337,-0.8916684799747013,0.9598640060571138,094fa3cff1a361cf45a68515a1b009bb3454303c22e7ad2020fbfc063721c837,8aa7bc47ea448719e8df16e2f1d364a87db2289f9d9e3fc126f537fa27066834
board008,-0.9540276798043046,-0.21624692587914038,-0.20752940325418098,1.1835477839124862,-0.20573637639950568,-0.2132194991392567,-0.9550968477661339,1.161965863308086,934aa280e5e9500a58d46482ec40f2b4eb340478dd62599d0a37ec2f66dd9841,e23fb02fa4d16e3411f8bc62d0f2bda6c36b44ee17ade6881512204bff41c214
board009,-0.9776333892250575,-0.00150675939890757,-0.2103109268403357,1.0139043994104673,0.00030519344980241595,-0.21338671043525073,-0.9769677674655294,0.9871017027561348,bdc611c10a3176e57ac561c5abcda44a7dd1fd51edac0890a476b0a49be084d5,a425f3a4cf0eee97173eea1a4dcb9a3f5a656ee772db5b5ef96155698fb0b5f6
board010,-0.955911673071739,0.20027453521972466,-0.21476262204516,1.1269237276241642,0.20288643679802024,-0.21640155529078361,-0.9549908170402127,1.103353399310378,c20b2196c635dba241be6ba9b941959e7fc0933e0d87862e9a553583efb2e4e2,f3cb3b814b77a3fd46100544013cc06b458f4a2928ded5ea1441c0374bd76c75
board011,-0.8929434392643535,0.39805573092967084,-0.21024663932817897,1.1491668406867845,0.39829373554599157,-0.2118949410926194,-0.8924475526125752,1.1315802611928567,284c269d3d4a66f91174dc6734a6332180f941c57c375c2432f4711e1d49dfeb,eb5638f2105bcabe26944d93e2209c25cac244788d9b21007e7b97efbb199626
board012,-0.9127482284402618,-0.4084879621013243,-0.005315665289535,1.023188241572777,-0.4055640254789312,-0.003529990528825992,-0.9140598232086297,0.9845348134754892,ec36215b9a9f86282aa43d1e02fb0e8d5e01a69c06eb36677e37e369b6733b5c,039e1666e4de9218c71b1238a072274bd8e69b3e98e588f84a7f2c77226f6d97
board013,-0.9780563458918915,-0.20831025943876572,-0.003552474230013151,1.1866765050792885,-0.2016241714016636,-0.0009701755414066528,-0.9794624812957419,1.1479084251227398,6a9b225d7e614c5607c8ef16455b5bc5d77ebb7c4c4405bba880e6fe80e16927,57529d6733c2462024409c583bbfcc140f7debf791cc7664e3fb1c93bfffcc3a
board014,-0.9777392838170482,0.20982063942971935,-0.0010918563227488513,1.3154975271140503,0.21837439560489247,0.001068446309106653,-0.9758644792012273,1.2731931036037958,7ef3dee3cd0903d40e416d0724199073b342da4c4c7f629ef0718db1ee006907,c1d359416159b55d1d50c154da2cfb946772c0e8eb9558dddb5d39df356cb623
board015,-0.9163312119465428,0.40038388271182657,-0.005464108086605654,1.0253417980566644,0.40572546100722107,-0.004796526990871847,-0.9139824088128303,0.9830808173037133,2d74a5acb744c85233a2a38f8346e8b3362b1745ff022f89cfc69e54e5acab9b,157eb2382597c7651a3d4c07004ace5ccc7bcb957be9944ca7d4f3ca12803715
board016,-0.8918326514981264,-0.4035906037358955,0.20432607835985253,1.1308876273832376,-0.39962261384845466,0.2046952513875559,-0.8935332229751248,1.0771139351158496,c334b02e6b7b58157e4bba3a423388508b9c16c342cbfc915ff320cd6988f7b3,10a91fbd9a5b75ad3926b212123b1fdfa9750ffa2d8c6f6f90618e137e43246c
board017,-0.9580253476139362,-0.20004719880835126,0.20534982731458207,1.0293465620807472,-0.20209600405875053,0.20910728224321337,-0.9567817669961853,0.9655269333416028,ab75899092b945d30fd24da41bf51d51ef4155c7a8648dd04dda138fc7c03c4b,5b39be8fb0cb308ed9b2b97f40ebe34c80b714a570f3db2eb47b15d734f55db3
board018,-0.9790127051361758,0.0002650278851424326,0.20379905039564702,1.1835048597104751,0.005000794410637386,0.1940004972446826,-0.9809886845035871,1.1244780011556732,429b119912a6c5056fb45233d036fd423ff7944acbc8c984a3008cf4f84e92a6,b87b33a885bc8dc648e153d27dc138585143f463480e525ce529e4f2a357bd0d
board019,-0.9576669707139839,0.2043714120450407,0.20274688442049627,1.2617766916674877,0.21143233090388808,0.20915778465763107,-0.9547509573525762,1.1984453562131978,dde6821ad0d042fe1839fafdc01be09a67146e78a02da34d6e6e68dd3198bb1e,499b63116ff404e1ef6faea189a7f25c6aa8f07c34786da310e145188f9ae701
board020,-0.8925298441666213,0.40301433053502633,0.2024102928591113,1.0125807691279807,0.3990376487953337,0.2038214613850239,-0.8939942766722644,0.9555993262151391,3101a1cb53c6b04f3e3ea71d3de8580d9836a54e19abf5ef412fabee79544e2f,385a0d484ffe656144be13e0050e10b26cec25f6886c29cfcb764d753ca52d96
board021,-0.8326002904560321,-0.38172838205706444,0.40132306022035047,1.0460975950656086,-0.3722927444239057,0.40573233220099153,-0.8347331232532113,0.9764345940341528,773ea2efa9264b9fc135419bf4fd921c7b6e00405c5971e264e69383440a4244,bc8fec86cfd5499462b3079805d064ddbb91565c8e7144693046d1bc0058b5a9
board022,-0.8950754053293555,-0.19075363116264127,0.4030546749173823,1.2535041637665945,-0.1855422740451455,0.4127053408743673,-0.8917669909544356,1.1758786059315145,fa45b0ac5d122bfe8e8014e451900a09d378a1b7d9631899cd0f5fff6441b8e3,7a8fc25fc995110a11b083d079cd9bce813eb4a167a908392225e84aacfb4958
board023,-0.9153034805557195,-1.9013258091282736e-05,0.4027648670391712,1.097044277081233,-8.737084271639089e-05,0.40239852664398873,-0.9154645914075994,1.0209736661676023,975876aefa0d70872960fac13e76af81e4b82a6c8537a2ff7471a4f3a5a04d7b,3c3556b8f7f1c91966a3f984068c34fc6b9cf59a153f42ffce0be0d6005dd812
board024,-0.8950259788030512,0.19595212360206388,0.40066352781789494,1.1656905477374102,0.19453915179693193,0.4034976797906619,-0.8940604793981685,1.09196990731322,58e4174f3dd5549e123a34526866e148cf2d673fd58ea0fc5e3ffef3878e8108,1ce779e34935dd3172636ebe95130c67d16c36b1e17aec811221871da85c15e5
board025,-0.8369032608037521,0.3717339879486171,0.40175461946300534,0.8868658206158229,0.37085777484788546,0.40351324172640557,-0.8364457989531195,0.8135284244498032,e5f822671c0a27d9801bc3bb8127f6385291a7825af028f5b9d576caa62860c3,096ec0e86b8493894bdc9eb2410641cea71ec298275276f4c45191cf3522ffb0
