image,status,corners,rms_px,mean_distance_px,max_distance_px,sha256
left-0000.png,ok,70,0.2853912115097046,0.2555983066558838,0.6832912564277649,f55e0cf9cd8cec7a044c06280750a5e34fb36befe3da1d52c900b11e1e3a8674
left-0001.png,ok,70,0.7489644885063171,0.6386524438858032,1.9155519008636475,8783fd0a7f607016fb638f920596cdd9a62624e9ccbe500a772fe37078e039c4
left-0002.png,ok,70,0.7634665369987488,0.6085313558578491,1.7387362718582153,6b7ab3377fa3f85c2b8471afaa7e0d9799725978f1591cd00548bbc9d8c7644a
left-0003.png,ok,70,0.7478628158569336,0.6053112745285034,1.672883152961731,7e34269d41815dbc2a7bcfd227281548cfc3c831c0cb19f58ded7a8401ff4827
left-0004.png,ok,70,0.5600162744522095,0.48841792345046997,1.0667117834091187,74b70c4af768a203070f84b40f5095b30e711ee3531df9aee8e57ae264049dd6
left-0005.png,ok,70,0.31564316153526306,0.236530140042305,1.6707059144973755,6f55f0384ced6943755552f67a8ab644783f192373da9383cc97169e24a7bb6b
left-0006.png,ok,70,0.30713599920272827,0.28156083822250366,0.624275803565979,8112970c193df2ed2fad161cd3ccbbe4f448e0da7b268a939e8377caba8b37fa
left-0007.png,ok,70,0.23733459413051605,0.2061019241809845,0.5199503302574158,46b5809c73573a8276abdbe8eba6411d15ac94cb1332f2647670d08e777e5dc9
left-0008.png,ok,70,0.4182894229888916,0.35637184977531433,1.0185859203338623,e2a96ce4dd700eca40664253e55bba34b3b5bce3a5dbe1df0ae588178557cdaa
left-0009.png,ok,70,0.21595601737499237,0.18874065577983856,0.4994044601917267,f31e77f34fd850ff5a3c21b4afc32094bcb136596855c4f5d2fe0afd12f3fa03
left-0010.png,ok,70,0.32405734062194824,0.2784823477268219,0.9309903979301453,f765a9b973945e66d5745307b7461a949377690144ba53d6bc6218ed7e975c0a
left-0011.png,ok,70,0.22616364061832428,0.19695983827114105,0.5736852288246155,9870dbe2d7669cee55c5d4d33838afc571e9d31ee8431ea901061f16a538a3bb
left-0012.png,ok,70,0.492281973361969,0.246295765042305,3.575760841369629,76b27bd7e73e940ea2ccf65acd94aacd2f361ec80b9748ac0954593299f8e26a
left-0013.png,ok,70,1.120725154876709,0.9245063662528992,3.5403008460998535,5b0071afd92408b845bbfb8e234758d7289200652beee1bd94b8792e42117d90
left-0014.png,ok,70,0.9013357162475586,0.7766585350036621,2.3700509071350098,6e97efbb6ba88f318a8c93ef96a7302110f2e097ebdf265a0d7a87c5468fe765
left-0015.png,ok,70,0.446036159992218,0.3933485448360443,0.9096562266349792,3f0118c09b4c90b78489ae6060316a58099d5db3f938d9d5dbd38d3e2aa4ddbe
left-0016.png,ok,70,0.5013319849967957,0.4616881310939789,0.9389789700508118,bbbf9290c67df304614e42932ecef6a0a15556db454296e879e1589c70c4c724
left-0017.png,ok,70,0.3229527175426483,0.2873789370059967,0.6517089009284973,cbfd41eb10c8ca9477ac674de3d50945a71d7c71b90c53778fd33547c9cfeb6d
left-0018.png,ok,70,0.4110960364341736,0.3679847717285156,0.9535670876502991,7f5037627551b94da3340089321ba3140b5a6111f05be0a736d2f74f8093feb9
left-0019.png,ok,70,1.4974550008773804,1.276183843612671,3.5929694175720215,184380658e6f6328cd5d55d9350a6f5754459bc4c414e3390a45c189bbc7c895
left-0020.png,ok,70,0.42500078678131104,0.3728313148021698,1.0668163299560547,c3f29026bc12e3f0337abece8c5b38d6f28731a86b93b20160ee49801a503848
left-0021.png,ok,70,0.3749162554740906,0.32712501287460327,0.9556586742401123,737988357e9eaca75383854c17862f95e5f7aa443d3dd88df0402bea20168b92
left-0022.png,ok,70,0.2973085641860962,0.2614476978778839,0.6147695779800415,e7afc44407ddcd7dc365daaaecd36006fdd037bdb88b622330868f6f15df4933
left-0023.png,ok,70,0.4683445692062378,0.3966594934463501,1.2639662027359009,414b4612723c2d1c30999432b789ca9985954da81ac2b166b217533af0cc1378
left-0024.png,ok,70,0.4236435294151306,0.35537266731262207,1.1621719598770142,8e4e3bca90241e91debbfcf87f3dea5048f28b7ac454629334df73b220b53ae7
left-0025.png,ok,70,0.2486734390258789,0.21382546424865723,0.608864426612854,5609629dda8179c6e49e4c1bdb41b0099476e61824e092703228e3e8ed94388a
left-0026.png,ok,70,0.6900700330734253,0.5897753834724426,1.5465645790100098,fc2fd4840777ed537c31a7cd698e3c970718e036811c780458f15db0ce3d49ea
left-0027.png,ok,70,0.8569343686103821,0.7418981194496155,1.8371702432632446,91659850de01144054e09b114a0c52ded1e3097819fd55f622a99a6d898c0112
left-0028.png,ok,70,0.5214885473251343,0.442820280790329,1.4288181066513062,391a31cebd8578ee486bcd66530c5c6c80c6783d3668e0b4fb8038c529d03e09
left-0029.png,ok,70,0.6685765385627747,0.57068932056427,1.8349435329437256,626d2fcbc6c02552d2a9e72a2cf4c7a2902b1857bf63cbf49efc33cebd77afa5
left-0030.png,ok,70,0.35195252299308777,0.29790884256362915,0.8000478744506836,7afefa64dad7a76c0aa56f581d444a1a2e35a1fd72cdf8edc31a414ce1782e5d
left-0031.png,ok,70,0.16200856864452362,0.14568504691123962,0.3560391664505005,5e8af3a3f35c88df5b35cd3ea2c3a432f336f22d82317ffa30df3d9ad1c5982d
left-0032.png,ok,70,0.6556738018989563,0.5751194357872009,1.683391809463501,8443d8b03ff19cf1fefd63fd187ee39a385945ba48f0d8ce849017d2dc2f7ecc
left-0033.png,ok,70,0.2983732223510742,0.24358634650707245,0.776619017124176,970277f993574bc959b1a0f4bf50533c38294f418bfc5085f177021b456c0e31
left-0034.png,ok,70,0.26074978709220886,0.22386395931243896,0.7212344408035278,af0400a8885662724abf4c2f44f247a5eba9cab7e03c4a51390654ea1f2197da
left-0035.png,ok,70,0.658754825592041,0.604427695274353,1.4582549333572388,d810ef7ced22ad3be66ef054cc33bb2fd9c2a32432ce44e3ad45104fe26c94eb
left-0036.png,ok,70,0.8180769681930542,0.6992818117141724,2.1842777729034424,dd0aca05d9e8661525c0f66482feb3ab607fc8b85887f3ff335e5d5cb0706bfe
left-0037.png,ok,70,0.40263283252716064,0.3360317349433899,1.2793214321136475,6ba9a3814c2bfb6a89b4fe557eee40dea1d6ebe3862568d21acefd7620b22c03
left-0038.png,ok,70,0.5999115705490112,0.5240485072135925,1.3574633598327637,a9ad64cbb238dbec75f75ac25425479667cf1d471659aa85942b1246b4c2433a
left-0039.png,ok,70,0.5967657566070557,0.5210685133934021,1.5793222188949585,a9664e5b70b686ecd2d52f0edae5d273330a15af0c49dee29b4f2b0e598c174d
left-0040.png,ok,70,0.38491007685661316,0.34957966208457947,0.8469411730766296,dbe7db94e176646817680dca3570e9e932afa27359a2964e27e1ee1cbb779cdf
