sample_id,joint1_rad,joint2_rad,joint3_rad,joint4_rad,joint5_rad,joint6_rad,split,kind
001,0,0,0,0,0,0,train,command_target_not_measurement
002,0.1,0,0,0,0,0,train,command_target_not_measurement
003,-0.1,0,0,0,0,0,train,command_target_not_measurement
004,0,0,0,0.1,0,0,train,command_target_not_measurement
005,0,0,0,-0.1,0,0,train,command_target_not_measurement
006,0,0,0,0,0.1,0,train,command_target_not_measurement
007,0,0,0,0,-0.1,0,train,command_target_not_measurement
008,0.1,0,0,0,0.1,0,train,command_target_not_measurement
009,-0.1,0,0,0,-0.1,0,train,command_target_not_measurement
010,0,0,0,0.1,0.1,0,train,command_target_not_measurement
011,0,0,0,-0.1,-0.1,0,train,command_target_not_measurement
012,0.1,0,0,0.1,0,0,train,command_target_not_measurement
013,-0.1,0,0,-0.1,0,0,train,command_target_not_measurement
014,0.1,0,0,-0.1,0.1,0,train,command_target_not_measurement
015,-0.1,0,0,0.1,-0.1,0,train,command_target_not_measurement
016,0.1,0,0,0.1,0.1,0,train,command_target_not_measurement
017,-0.1,0,0,-0.1,-0.1,0,train,command_target_not_measurement
018,0.1,0,0,-0.1,-0.1,0,train,command_target_not_measurement
019,-0.1,0,0,0.1,0.1,0,train,command_target_not_measurement
020,0.05,0,0,0,0.1,0,train,command_target_not_measurement
021,-0.05,0,0,0,-0.1,0,train,command_target_not_measurement
022,0,0,0,0.05,0.1,0,train,command_target_not_measurement
023,0,0,0,-0.05,-0.1,0,train,command_target_not_measurement
024,0.1,0,0,0.05,-0.1,0,train,command_target_not_measurement
025,-0.1,0,0,-0.05,0.1,0,train,command_target_not_measurement
