pose,role,odom_x_m,odom_y_m,odom_yaw_deg,single_x_mm,single_y_mm,single_yaw_deg,bag_sha256
pose01,train,-1.005,-1.638,143.1,19.68,8.85,2.738,63142997e1ad9c4fc96f64bc3504926b7e42e33d511ccda06d863a88e12ff8d4
pose02,train,-1.004,-1.637,204.8,24.30,10.25,2.749,abeb398489ca4d19b775772896effcadebe6f0380c20860608579b101df523d2
pose03,train,-1.005,-1.638,303.0,22.88,2.52,3.132,5b1cc4ba364841917264943f8d8d4737029936f2d9d6bed59bda7c2e9e1bb085
pose05,train,-0.85,-1.953,96.0,26.29,5.96,2.911,4e9ea0e580d2056daff5809eef46c6967390d07f4bfce88211b44f8fc931a1b8
pose06,train,-0.671,-1.765,42.3,21.93,12.21,2.715,8100c5b1ce872405d36e7e04e24bd92bb5e8ec3933884a57a1dabdf98c674265
pose07,train,-0.731,-2.766,62.5,28.88,15.94,2.800,4207f91c0031d8515eabf50e13fcd01946fa27f22248949d8defeca4789d564b
pose04,holdout,-1.009,-1.637,75.3,19.69,7.12,2.651,a7b3172aa8de58cd9e4098d5c8aa40f70a66cb2bd009ce369efab45c2664dc28
pose08,holdout,-1.646,-1.674,46.6,38.14,8.78,2.606,1f871255312e01303e26635ced0597609c9d9d96f0495eb939357d5ea58447f3
trial_pose01_first,extra_holdout,-1.13,-1.545,143.5,20.18,6.97,2.679,82466e8ae584bb702a23af26117c1f59a1e9be15e547b808810409b24b129ad7
